dataset,horizon,mae_mean,rmse_mean,targets
collected,1,1699.8655519755455,1714.8464666719988,7
collected,3,1859.7191465309832,1885.0738908260926,7
collected,6,1772.2761046242847,1795.5536626430883,7
fred_md,1,1466.2497276857932,1492.9712172164473,7
fred_md,3,1634.8603403868167,1677.437104212086,7
fred_md,6,1669.8003489283105,1678.8798808035058,7
