horizon,mae_mean_collected,mae_mean_fred_md,rmse_mean_collected,rmse_mean_fred_md,mae_mean_delta_collected_minus_fred_md,rmse_mean_delta_collected_minus_fred_md
1,3329.8153643742617,3810.795903521305,3628.405281555368,4243.062556195588,-480.98053914704315,-614.6572746402194
3,3346.2115915709605,3421.2708624782563,3676.200027833682,4001.1128601397113,-75.05927090729574,-324.9128323060295
6,3313.0460677706283,3152.88610764865,3779.3662411280866,3861.262236964769,160.1599601219782,-81.89599583668223
