dataset,horizon,mae_mean,rmse_mean,targets
collected,1,3329.8153643742617,3628.405281555368,7
collected,3,3346.2115915709605,3676.200027833682,7
collected,6,3313.0460677706283,3779.3662411280866,7
fred_md,1,3810.795903521305,4243.062556195588,7
fred_md,3,3421.2708624782563,4001.1128601397113,7
fred_md,6,3152.88610764865,3861.262236964769,7
